Master Category,Category,Title,Date,Link
Articles,Movie Review,Rocky Aur Raani Ki Prem Kahaani,2023.07.07,/articles/moviereviews/rockyaurranikiipremkahaani.html
Articles,Movie Review,Crazxy,2025.03.22,/articles/moviereviews/crazxy.html
Blogs,Travel,A Rare Experience At Air Force Station Bhuj,2025.03.22,/blogs/arareexperienceattheairforcestationinbhuj.html
Lists,Cinemas,Flat Screens of India,2025.03.26,/lists/flatscreensofindia.html
Lists,Movies,IMAX Movies,2025.03.26,/lists/imaxmovies.html
Lists,Cinemas,IMAX Cinemas of India,2025.03.27,/lists/imaxcinemasofindia.html
Lists,Movies,I've Seen At IMAX,2025.03.27,/lists/seenatimax.html
Lists,Movies,I've Seen At Cinemas,2025.03.27,/lists/seenatcinema.html
Lists,Cinemas,Biggest Screens of India,2025.03.31,/lists/biggestscreensofindia.html
Lists,Cinemas,Indian IMAX DMR Movies,2025.08.27,/lists/indianimaxdmrmovies.html
Lists,Cinemas,Indian Dolby Cinema Movies,2025.08.27,/lists/indiandolbycinemamovies.html
Articles,Cinemas,Calculating Effective % Extra IMAX Image for Variable Aspect Ratio Movies,2025.04.16,/articles/howmuchextrainimax.html
Photos,Test,HDR HEIC Test,2025.10.21,/photos/hdrheictest/
Articles,Movies,No IMAX for Weapons in India?,2025.08.01,/articles/noimaxweapons.html
Articles,Movies,Why even new Avatar movies are done in 2K?,2025.07.31,articles/whyavatar2k.html
Articles,Movie Review,Mahavatar Narsimha - Masterpiece with Technical issues,2025.07.27,/articles/mahavatarnarsimhareview.html
Articles,Movies,War 2 - India's First Dolby Cinema movie?,2025.07.24,/articles/war2dolbycinema.html
Blogs,Movies,My Favouite IMAX Memories and What Made Them Special,2025.07.22,/blogs/myfavouriteimaxexperiences.html
Articles,Movie Review,Superman - Hindi Dub vs English Dub Comparison,2025.07.13,/articles/supermanhindivsenglish.html
Articles,Movie Review,Superman - 3D Review,2025.07.12,/articles/superman3dreview.html
Articles,Movie Review,Superman - Movie Review,2025.07.11,/articles/supermanmoviereview.html
Articles,Cinemas,Dolby Cinema Pune: Complete In-Depth Review,2025.07.05,/articles/dolbycinemaindiareview.html
Articles,Cinemas,Why occupancies low at Dolby Cinema?,2025.07.08,/articles/lowoccupancyatdolbycinema.html
Articles,Movies,F1 - 4DX Review,2025.06.28,/articles/f14dxreview.html
Articles,Movies,Ballerina - 4DX Review,2025.06.28,/articles/ballerina4dxreview.html
Articles,Movies,How To Train Your Dragon - 4DX Review,2025.06.28,/articles/httyd4dxreview.html
